Variable,MAE,RMSE,MAPE,R2
Temperatura,2.5061303442472727,3.120000099193915,26.794265738311747,0.45543478074774985
Precipitación,42824.08218159451,56491.283064507224,77096.50800958622,0.48881185324826726
